{"cameraMode":{"drawMode":0,"name":"Shaded","section":"Shading Mode"},"sceneLighting":true,"audioPlay":false,"sceneViewState":{"showFog":true,"showMaterialUpdate":false,"showSkybox":true,"showFlares":true,"showImageEffects":true,"showParticleSystems":true},"in2DMode":false,"pivot":{"x":-1.5321071147918702,"y":3.2207679748535158,"z":-2.4891529083251955},"rotation":{"x":-0.18604472279548646,"y":0.27919793128967287,"z":-0.05523485690355301,"w":-0.940417468547821},"size":29.702173233032228,"orthographic":false}